rank;title;year;linkMeta;rating;duration;genre;metadate;summarytext
1;The Shawshank Redemption;1994;Frank Darabont (dir.), Tim Robbins, Morgan Freeman;8.8;2h22min;Drama;['A', '|', '2h', '22min', '|', 'Drama', '|', '14', 'October', '1994', '(USA)'];Two imprisoned men bond over a number of years, finding solace and eventual redemption through acts of common decency.
2;The Godfather;1972;Francis Ford Coppola (dir.), Marlon Brando, Al Pacino;8.8;2h55min;Crime;['A', '|', '2h', '55min', '|', 'Crime', ',', 'Drama', '|', '24', 'March', '1972', '(USA)'];The aging patriarch of an organized crime dynasty transfers control of his clandestine empire to his reluctant son.
3;The Godfather: Part II;1974;Francis Ford Coppola (dir.), Al Pacino, Robert De Niro;8.8;2h30min;Drama;['3h', '22min', '|', 'Crime', ',', 'Drama', '|', '20', 'December', '1974', '(USA)'];The early life and career of Vito Corleone in 1920s New York City is portrayed, while his son, Michael, expands and tightens his grip on the family crime syndicate.
4;The Dark Knight;2008;Christopher Nolan (dir.), Christian Bale, Heath Ledger;8.8;2h32min;Action;['UA', '|', '2h', '32min', '|', 'Action', ',', 'Crime', ',', 'Drama', '|', '18', 'July', '2008', '(India)'];When the menace known as the Joker emerges from his mysterious past, he wreaks havoc and chaos on the people of Gotham. The Dark Knight must accept one of the greatest psychological and physical tests of his ability to fight injustice.
5;12 Angry Men;1957;Sidney Lumet (dir.), Henry Fonda, Lee J. Cobb;8.8;2h15min;Drama;['1h', '36min', '|', 'Crime', ',', 'Drama', '|', 'April', '1957', '(USA)'];A jury holdout attempts to prevent a miscarriage of justice by forcing his colleagues to reconsider the evidence.
6;Schindler's List;1993;Steven Spielberg (dir.), Liam Neeson, Ralph Fiennes;8.8;3h15min;Biography;['A', '|', '3h', '15min', '|', 'Biography', ',', 'Drama', ',', 'History', '|', '4', 'February', '1994', '(USA)'];In German-occupied Poland during World War II, Oskar Schindler gradually becomes concerned for his Jewish workforce after witnessing their persecution by the Nazi Germans.
7;The Lord of the Rings: The Return of the King;2003;Peter Jackson (dir.), Elijah Wood, Viggo Mortensen;8.8;3h21min;Action;['PG-13', '|', '3h', '21min', '|', 'Action', ',', 'Adventure', ',', 'Drama', '|', '6', 'February', '2004', '(India)'];Gandalf and Aragorn lead the World of Men against Sauron's army to draw his gaze from Frodo and Sam as they approach Mount Doom with the One Ring.
8;Pulp Fiction;1994;Quentin Tarantino (dir.), John Travolta, Uma Thurman;8.8;2h34min;Crime;['A', '|', '2h', '34min', '|', 'Crime', ',', 'Drama', '|', '14', 'October', '1994', '(USA)'];The lives of two mob hit-men, a boxer, a gangster's wife, and a pair of diner bandits intertwine in four tales of violence and redemption.
9;Il buono, il brutto, il cattivo;1966;Sergio Leone (dir.), Clint Eastwood, Eli Wallach;8.8;3h15min;Crime;['2h', '41min', '|', 'Western', '|', '23', 'December', '1966', '(Italy)'];A bounty hunting scam joins two men in an uneasy alliance against a third in a race to find a fortune in gold buried in a remote cemetery.
10;Fight Club;1999;David Fincher (dir.), Brad Pitt, Edward Norton;8.8;2h22min;Drama;['A', '|', '2h', '22min', '|', 'Drama', '|', '14', 'October', '1994', '(USA)'];Two imprisoned men bond over a number of years, finding solace and eventual redemption through acts of common decency.
11;The Lord of the Rings: The Fellowship of the Ring;2001;Peter Jackson (dir.), Elijah Wood, Ian McKellen;8.8;2h55min;Crime;['A', '|', '2h', '55min', '|', 'Crime', ',', 'Drama', '|', '24', 'March', '1972', '(USA)'];The aging patriarch of an organized crime dynasty transfers control of his clandestine empire to his reluctant son.
12;Forrest Gump;1994;Robert Zemeckis (dir.), Tom Hanks, Robin Wright;8.7;2h30min;Drama;['3h', '22min', '|', 'Crime', ',', 'Drama', '|', '20', 'December', '1974', '(USA)'];The early life and career of Vito Corleone in 1920s New York City is portrayed, while his son, Michael, expands and tightens his grip on the family crime syndicate.
13;Star Wars: Episode V - The Empire Strikes Back;1980;Irvin Kershner (dir.), Mark Hamill, Harrison Ford;8.7;2h32min;Action;['UA', '|', '2h', '32min', '|', 'Action', ',', 'Crime', ',', 'Drama', '|', '18', 'July', '2008', '(India)'];When the menace known as the Joker emerges from his mysterious past, he wreaks havoc and chaos on the people of Gotham. The Dark Knight must accept one of the greatest psychological and physical tests of his ability to fight injustice.
14;Inception;2010;Christopher Nolan (dir.), Leonardo DiCaprio, Joseph Gordon-Levitt;8.7;2h15min;Drama;['1h', '36min', '|', 'Crime', ',', 'Drama', '|', 'April', '1957', '(USA)'];A jury holdout attempts to prevent a miscarriage of justice by forcing his colleagues to reconsider the evidence.
15;The Lord of the Rings: The Two Towers;2002;Peter Jackson (dir.), Elijah Wood, Ian McKellen;8.7;3h15min;Biography;['A', '|', '3h', '15min', '|', 'Biography', ',', 'Drama', ',', 'History', '|', '4', 'February', '1994', '(USA)'];In German-occupied Poland during World War II, Oskar Schindler gradually becomes concerned for his Jewish workforce after witnessing their persecution by the Nazi Germans.
16;One Flew Over the Cuckoo's Nest;1975;Milos Forman (dir.), Jack Nicholson, Louise Fletcher;8.7;3h21min;Action;['PG-13', '|', '3h', '21min', '|', 'Action', ',', 'Adventure', ',', 'Drama', '|', '6', 'February', '2004', '(India)'];Gandalf and Aragorn lead the World of Men against Sauron's army to draw his gaze from Frodo and Sam as they approach Mount Doom with the One Ring.
17;Goodfellas;1990;Martin Scorsese (dir.), Robert De Niro, Ray Liotta;8.7;2h34min;Crime;['A', '|', '2h', '34min', '|', 'Crime', ',', 'Drama', '|', '14', 'October', '1994', '(USA)'];The lives of two mob hit-men, a boxer, a gangster's wife, and a pair of diner bandits intertwine in four tales of violence and redemption.
18;The Matrix;1999;Lana Wachowski (dir.), Keanu Reeves, Laurence Fishburne;8.6;3h15min;Crime;['2h', '41min', '|', 'Western', '|', '23', 'December', '1966', '(Italy)'];A bounty hunting scam joins two men in an uneasy alliance against a third in a race to find a fortune in gold buried in a remote cemetery.
19;Shichinin no samurai;1954;Akira Kurosawa (dir.), Toshirô Mifune, Takashi Shimura;8.6;2h22min;Drama;['A', '|', '2h', '22min', '|', 'Drama', '|', '14', 'October', '1994', '(USA)'];Two imprisoned men bond over a number of years, finding solace and eventual redemption through acts of common decency.
20;Cidade de Deus;2002;Fernando Meirelles (dir.), Alexandre Rodrigues, Leandro Firmino;8.6;2h55min;Crime;['A', '|', '2h', '55min', '|', 'Crime', ',', 'Drama', '|', '24', 'March', '1972', '(USA)'];The aging patriarch of an organized crime dynasty transfers control of his clandestine empire to his reluctant son.
21;Se7en;1995;David Fincher (dir.), Morgan Freeman, Brad Pitt;8.6;2h30min;Drama;['3h', '22min', '|', 'Crime', ',', 'Drama', '|', '20', 'December', '1974', '(USA)'];The early life and career of Vito Corleone in 1920s New York City is portrayed, while his son, Michael, expands and tightens his grip on the family crime syndicate.
22;Star Wars;1977;George Lucas (dir.), Mark Hamill, Harrison Ford;8.6;2h32min;Action;['UA', '|', '2h', '32min', '|', 'Action', ',', 'Crime', ',', 'Drama', '|', '18', 'July', '2008', '(India)'];When the menace known as the Joker emerges from his mysterious past, he wreaks havoc and chaos on the people of Gotham. The Dark Knight must accept one of the greatest psychological and physical tests of his ability to fight injustice.
23;The Silence of the Lambs;1991;Jonathan Demme (dir.), Jodie Foster, Anthony Hopkins;8.6;2h15min;Drama;['1h', '36min', '|', 'Crime', ',', 'Drama', '|', 'April', '1957', '(USA)'];A jury holdout attempts to prevent a miscarriage of justice by forcing his colleagues to reconsider the evidence.
24;It's a Wonderful Life;1946;Frank Capra (dir.), James Stewart, Donna Reed;8.6;3h15min;Biography;['A', '|', '3h', '15min', '|', 'Biography', ',', 'Drama', ',', 'History', '|', '4', 'February', '1994', '(USA)'];In German-occupied Poland during World War II, Oskar Schindler gradually becomes concerned for his Jewish workforce after witnessing their persecution by the Nazi Germans.
25;La vita è bella;1997;Roberto Benigni (dir.), Roberto Benigni, Nicoletta Braschi;8.6;3h21min;Action;['PG-13', '|', '3h', '21min', '|', 'Action', ',', 'Adventure', ',', 'Drama', '|', '6', 'February', '2004', '(India)'];Gandalf and Aragorn lead the World of Men against Sauron's army to draw his gaze from Frodo and Sam as they approach Mount Doom with the One Ring.
26;The Usual Suspects;1995;Bryan Singer (dir.), Kevin Spacey, Gabriel Byrne;8.5;2h34min;Crime;['A', '|', '2h', '34min', '|', 'Crime', ',', 'Drama', '|', '14', 'October', '1994', '(USA)'];The lives of two mob hit-men, a boxer, a gangster's wife, and a pair of diner bandits intertwine in four tales of violence and redemption.
27;Sen to Chihiro no kamikakushi;2001;Hayao Miyazaki (dir.), Daveigh Chase, Suzanne Pleshette;8.5;3h15min;Crime;['2h', '41min', '|', 'Western', '|', '23', 'December', '1966', '(Italy)'];A bounty hunting scam joins two men in an uneasy alliance against a third in a race to find a fortune in gold buried in a remote cemetery.
28;Saving Private Ryan;1998;Steven Spielberg (dir.), Tom Hanks, Matt Damon;8.5;2h22min;Drama;['A', '|', '2h', '22min', '|', 'Drama', '|', '14', 'October', '1994', '(USA)'];Two imprisoned men bond over a number of years, finding solace and eventual redemption through acts of common decency.
29;Léon;1994;Luc Besson (dir.), Jean Reno, Gary Oldman;8.5;2h55min;Crime;['A', '|', '2h', '55min', '|', 'Crime', ',', 'Drama', '|', '24', 'March', '1972', '(USA)'];The aging patriarch of an organized crime dynasty transfers control of his clandestine empire to his reluctant son.
30;The Green Mile;1999;Frank Darabont (dir.), Tom Hanks, Michael Clarke Duncan;8.5;2h30min;Drama;['3h', '22min', '|', 'Crime', ',', 'Drama', '|', '20', 'December', '1974', '(USA)'];The early life and career of Vito Corleone in 1920s New York City is portrayed, while his son, Michael, expands and tightens his grip on the family crime syndicate.
31;Interstellar;2014;Christopher Nolan (dir.), Matthew McConaughey, Anne Hathaway;8.5;2h32min;Action;['UA', '|', '2h', '32min', '|', 'Action', ',', 'Crime', ',', 'Drama', '|', '18', 'July', '2008', '(India)'];When the menace known as the Joker emerges from his mysterious past, he wreaks havoc and chaos on the people of Gotham. The Dark Knight must accept one of the greatest psychological and physical tests of his ability to fight injustice.
32;Psycho;1960;Alfred Hitchcock (dir.), Anthony Perkins, Janet Leigh;8.5;2h15min;Drama;['1h', '36min', '|', 'Crime', ',', 'Drama', '|', 'April', '1957', '(USA)'];A jury holdout attempts to prevent a miscarriage of justice by forcing his colleagues to reconsider the evidence.
33;American History X;1998;Tony Kaye (dir.), Edward Norton, Edward Furlong;8.5;3h15min;Biography;['A', '|', '3h', '15min', '|', 'Biography', ',', 'Drama', ',', 'History', '|', '4', 'February', '1994', '(USA)'];In German-occupied Poland during World War II, Oskar Schindler gradually becomes concerned for his Jewish workforce after witnessing their persecution by the Nazi Germans.
34;City Lights;1931;Charles Chaplin (dir.), Charles Chaplin, Virginia Cherrill;8.5;3h21min;Action;['PG-13', '|', '3h', '21min', '|', 'Action', ',', 'Adventure', ',', 'Drama', '|', '6', 'February', '2004', '(India)'];Gandalf and Aragorn lead the World of Men against Sauron's army to draw his gaze from Frodo and Sam as they approach Mount Doom with the One Ring.
35;Once Upon a Time in the West;1968;Sergio Leone (dir.), Henry Fonda, Charles Bronson;8.5;2h34min;Crime;['A', '|', '2h', '34min', '|', 'Crime', ',', 'Drama', '|', '14', 'October', '1994', '(USA)'];The lives of two mob hit-men, a boxer, a gangster's wife, and a pair of diner bandits intertwine in four tales of violence and redemption.
36;Casablanca;1942;Michael Curtiz (dir.), Humphrey Bogart, Ingrid Bergman;8.5;3h15min;Crime;['2h', '41min', '|', 'Western', '|', '23', 'December', '1966', '(Italy)'];A bounty hunting scam joins two men in an uneasy alliance against a third in a race to find a fortune in gold buried in a remote cemetery.
37;Modern Times;1936;Charles Chaplin (dir.), Charles Chaplin, Paulette Goddard;8.5;2h22min;Drama;['A', '|', '2h', '22min', '|', 'Drama', '|', '14', 'October', '1994', '(USA)'];Two imprisoned men bond over a number of years, finding solace and eventual redemption through acts of common decency.
38;The Intouchables;2011;Olivier Nakache (dir.), François Cluzet, Omar Sy;8.5;2h55min;Crime;['A', '|', '2h', '55min', '|', 'Crime', ',', 'Drama', '|', '24', 'March', '1972', '(USA)'];The aging patriarch of an organized crime dynasty transfers control of his clandestine empire to his reluctant son.
39;The Pianist;2002;Roman Polanski (dir.), Adrien Brody, Thomas Kretschmann;8.5;2h30min;Drama;['3h', '22min', '|', 'Crime', ',', 'Drama', '|', '20', 'December', '1974', '(USA)'];The early life and career of Vito Corleone in 1920s New York City is portrayed, while his son, Michael, expands and tightens his grip on the family crime syndicate.
40;The Departed;2006;Martin Scorsese (dir.), Leonardo DiCaprio, Matt Damon;8.5;2h32min;Action;['UA', '|', '2h', '32min', '|', 'Action', ',', 'Crime', ',', 'Drama', '|', '18', 'July', '2008', '(India)'];When the menace known as the Joker emerges from his mysterious past, he wreaks havoc and chaos on the people of Gotham. The Dark Knight must accept one of the greatest psychological and physical tests of his ability to fight injustice.
41;Terminator 2: Judgment Day;1991;James Cameron (dir.), Arnold Schwarzenegger, Linda Hamilton;8.5;2h15min;Drama;['1h', '36min', '|', 'Crime', ',', 'Drama', '|', 'April', '1957', '(USA)'];A jury holdout attempts to prevent a miscarriage of justice by forcing his colleagues to reconsider the evidence.
42;Back to the Future;1985;Robert Zemeckis (dir.), Michael J. Fox, Christopher Lloyd;8.5;3h15min;Biography;['A', '|', '3h', '15min', '|', 'Biography', ',', 'Drama', ',', 'History', '|', '4', 'February', '1994', '(USA)'];In German-occupied Poland during World War II, Oskar Schindler gradually becomes concerned for his Jewish workforce after witnessing their persecution by the Nazi Germans.
43;Whiplash;2014;Damien Chazelle (dir.), Miles Teller, J.K. Simmons;8.5;3h21min;Action;['PG-13', '|', '3h', '21min', '|', 'Action', ',', 'Adventure', ',', 'Drama', '|', '6', 'February', '2004', '(India)'];Gandalf and Aragorn lead the World of Men against Sauron's army to draw his gaze from Frodo and Sam as they approach Mount Doom with the One Ring.
44;Rear Window;1954;Alfred Hitchcock (dir.), James Stewart, Grace Kelly;8.5;2h34min;Crime;['A', '|', '2h', '34min', '|', 'Crime', ',', 'Drama', '|', '14', 'October', '1994', '(USA)'];The lives of two mob hit-men, a boxer, a gangster's wife, and a pair of diner bandits intertwine in four tales of violence and redemption.
45;Raiders of the Lost Ark;1981;Steven Spielberg (dir.), Harrison Ford, Karen Allen;8.5;3h15min;Crime;['2h', '41min', '|', 'Western', '|', '23', 'December', '1966', '(Italy)'];A bounty hunting scam joins two men in an uneasy alliance against a third in a race to find a fortune in gold buried in a remote cemetery.
46;Gladiator;2000;Ridley Scott (dir.), Russell Crowe, Joaquin Phoenix;8.5;2h22min;Drama;['A', '|', '2h', '22min', '|', 'Drama', '|', '14', 'October', '1994', '(USA)'];Two imprisoned men bond over a number of years, finding solace and eventual redemption through acts of common decency.
47;The Lion King;1994;Roger Allers (dir.), Matthew Broderick, Jeremy Irons;8.5;2h55min;Crime;['A', '|', '2h', '55min', '|', 'Crime', ',', 'Drama', '|', '24', 'March', '1972', '(USA)'];The aging patriarch of an organized crime dynasty transfers control of his clandestine empire to his reluctant son.
48;The Prestige;2006;Christopher Nolan (dir.), Christian Bale, Hugh Jackman;8.5;2h30min;Drama;['3h', '22min', '|', 'Crime', ',', 'Drama', '|', '20', 'December', '1974', '(USA)'];The early life and career of Vito Corleone in 1920s New York City is portrayed, while his son, Michael, expands and tightens his grip on the family crime syndicate.
49;Apocalypse Now;1979;Francis Ford Coppola (dir.), Martin Sheen, Marlon Brando;8.4;2h32min;Action;['UA', '|', '2h', '32min', '|', 'Action', ',', 'Crime', ',', 'Drama', '|', '18', 'July', '2008', '(India)'];When the menace known as the Joker emerges from his mysterious past, he wreaks havoc and chaos on the people of Gotham. The Dark Knight must accept one of the greatest psychological and physical tests of his ability to fight injustice.
50;Memento;2000;Christopher Nolan (dir.), Guy Pearce, Carrie-Anne Moss;8.4;2h15min;Drama;['1h', '36min', '|', 'Crime', ',', 'Drama', '|', 'April', '1957', '(USA)'];A jury holdout attempts to prevent a miscarriage of justice by forcing his colleagues to reconsider the evidence.
51;Avengers: Infinity War;2018;Anthony Russo (dir.), Robert Downey Jr., Chris Hemsworth;8.4;3h15min;Biography;['A', '|', '3h', '15min', '|', 'Biography', ',', 'Drama', ',', 'History', '|', '4', 'February', '1994', '(USA)'];In German-occupied Poland during World War II, Oskar Schindler gradually becomes concerned for his Jewish workforce after witnessing their persecution by the Nazi Germans.
52;Alien;1979;Ridley Scott (dir.), Sigourney Weaver, Tom Skerritt;8.4;3h21min;Action;['PG-13', '|', '3h', '21min', '|', 'Action', ',', 'Adventure', ',', 'Drama', '|', '6', 'February', '2004', '(India)'];Gandalf and Aragorn lead the World of Men against Sauron's army to draw his gaze from Frodo and Sam as they approach Mount Doom with the One Ring.
53;The Great Dictator;1940;Charles Chaplin (dir.), Charles Chaplin, Paulette Goddard;8.4;2h34min;Crime;['A', '|', '2h', '34min', '|', 'Crime', ',', 'Drama', '|', '14', 'October', '1994', '(USA)'];The lives of two mob hit-men, a boxer, a gangster's wife, and a pair of diner bandits intertwine in four tales of violence and redemption.
54;Nuovo Cinema Paradiso;1988;Giuseppe Tornatore (dir.), Philippe Noiret, Enzo Cannavale;8.4;3h15min;Crime;['2h', '41min', '|', 'Western', '|', '23', 'December', '1966', '(Italy)'];A bounty hunting scam joins two men in an uneasy alliance against a third in a race to find a fortune in gold buried in a remote cemetery.
55;Hotaru no haka;1988;Isao Takahata (dir.), Tsutomu Tatsumi, Ayano Shiraishi;8.4;2h22min;Drama;['A', '|', '2h', '22min', '|', 'Drama', '|', '14', 'October', '1994', '(USA)'];Two imprisoned men bond over a number of years, finding solace and eventual redemption through acts of common decency.
56;Sunset Blvd.;1950;Billy Wilder (dir.), William Holden, Gloria Swanson;8.4;2h55min;Crime;['A', '|', '2h', '55min', '|', 'Crime', ',', 'Drama', '|', '24', 'March', '1972', '(USA)'];The aging patriarch of an organized crime dynasty transfers control of his clandestine empire to his reluctant son.
57;The Lives of Others;2006;Florian Henckel von Donnersmarck (dir.), Ulrich Mühe, Martina Gedeck;8.4;2h30min;Drama;['3h', '22min', '|', 'Crime', ',', 'Drama', '|', '20', 'December', '1974', '(USA)'];The early life and career of Vito Corleone in 1920s New York City is portrayed, while his son, Michael, expands and tightens his grip on the family crime syndicate.
58;Dr. Strangelove or: How I Learned to Stop Worrying and Love the Bomb;1964;Stanley Kubrick (dir.), Peter Sellers, George C. Scott;8.4;2h32min;Action;['UA', '|', '2h', '32min', '|', 'Action', ',', 'Crime', ',', 'Drama', '|', '18', 'July', '2008', '(India)'];When the menace known as the Joker emerges from his mysterious past, he wreaks havoc and chaos on the people of Gotham. The Dark Knight must accept one of the greatest psychological and physical tests of his ability to fight injustice.
59;Paths of Glory;1957;Stanley Kubrick (dir.), Kirk Douglas, Ralph Meeker;8.4;2h15min;Drama;['1h', '36min', '|', 'Crime', ',', 'Drama', '|', 'April', '1957', '(USA)'];A jury holdout attempts to prevent a miscarriage of justice by forcing his colleagues to reconsider the evidence.
60;The Shining;1980;Stanley Kubrick (dir.), Jack Nicholson, Shelley Duvall;8.4;3h15min;Biography;['A', '|', '3h', '15min', '|', 'Biography', ',', 'Drama', ',', 'History', '|', '4', 'February', '1994', '(USA)'];In German-occupied Poland during World War II, Oskar Schindler gradually becomes concerned for his Jewish workforce after witnessing their persecution by the Nazi Germans.
61;Django Unchained;2012;Quentin Tarantino (dir.), Jamie Foxx, Christoph Waltz;8.4;3h21min;Action;['PG-13', '|', '3h', '21min', '|', 'Action', ',', 'Adventure', ',', 'Drama', '|', '6', 'February', '2004', '(India)'];Gandalf and Aragorn lead the World of Men against Sauron's army to draw his gaze from Frodo and Sam as they approach Mount Doom with the One Ring.
62;WALL·E;2008;Andrew Stanton (dir.), Ben Burtt, Elissa Knight;8.4;2h34min;Crime;['A', '|', '2h', '34min', '|', 'Crime', ',', 'Drama', '|', '14', 'October', '1994', '(USA)'];The lives of two mob hit-men, a boxer, a gangster's wife, and a pair of diner bandits intertwine in four tales of violence and redemption.
63;Mononoke-hime;1997;Hayao Miyazaki (dir.), Yôji Matsuda, Yuriko Ishida;8.4;3h15min;Crime;['2h', '41min', '|', 'Western', '|', '23', 'December', '1966', '(Italy)'];A bounty hunting scam joins two men in an uneasy alliance against a third in a race to find a fortune in gold buried in a remote cemetery.
64;Witness for the Prosecution;1957;Billy Wilder (dir.), Tyrone Power, Marlene Dietrich;8.4;2h22min;Drama;['A', '|', '2h', '22min', '|', 'Drama', '|', '14', 'October', '1994', '(USA)'];Two imprisoned men bond over a number of years, finding solace and eventual redemption through acts of common decency.
65;American Beauty;1999;Sam Mendes (dir.), Kevin Spacey, Annette Bening;8.4;2h55min;Crime;['A', '|', '2h', '55min', '|', 'Crime', ',', 'Drama', '|', '24', 'March', '1972', '(USA)'];The aging patriarch of an organized crime dynasty transfers control of his clandestine empire to his reluctant son.
66;The Dark Knight Rises;2012;Christopher Nolan (dir.), Christian Bale, Tom Hardy;8.4;2h30min;Drama;['3h', '22min', '|', 'Crime', ',', 'Drama', '|', '20', 'December', '1974', '(USA)'];The early life and career of Vito Corleone in 1920s New York City is portrayed, while his son, Michael, expands and tightens his grip on the family crime syndicate.
67;Oldeuboi;2003;Chan-wook Park (dir.), Min-sik Choi, Ji-tae Yu;8.3;2h32min;Action;['UA', '|', '2h', '32min', '|', 'Action', ',', 'Crime', ',', 'Drama', '|', '18', 'July', '2008', '(India)'];When the menace known as the Joker emerges from his mysterious past, he wreaks havoc and chaos on the people of Gotham. The Dark Knight must accept one of the greatest psychological and physical tests of his ability to fight injustice.
68;Coco;2017;Lee Unkrich (dir.), Anthony Gonzalez, Gael García Bernal;8.3;2h15min;Drama;['1h', '36min', '|', 'Crime', ',', 'Drama', '|', 'April', '1957', '(USA)'];A jury holdout attempts to prevent a miscarriage of justice by forcing his colleagues to reconsider the evidence.
69;Aliens;1986;James Cameron (dir.), Sigourney Weaver, Michael Biehn;8.3;3h15min;Biography;['A', '|', '3h', '15min', '|', 'Biography', ',', 'Drama', ',', 'History', '|', '4', 'February', '1994', '(USA)'];In German-occupied Poland during World War II, Oskar Schindler gradually becomes concerned for his Jewish workforce after witnessing their persecution by the Nazi Germans.
70;Once Upon a Time in America;1984;Sergio Leone (dir.), Robert De Niro, James Woods;8.3;3h21min;Action;['PG-13', '|', '3h', '21min', '|', 'Action', ',', 'Adventure', ',', 'Drama', '|', '6', 'February', '2004', '(India)'];Gandalf and Aragorn lead the World of Men against Sauron's army to draw his gaze from Frodo and Sam as they approach Mount Doom with the One Ring.
71;Das Boot;1981;Wolfgang Petersen (dir.), Jürgen Prochnow, Herbert Grönemeyer;8.3;2h34min;Crime;['A', '|', '2h', '34min', '|', 'Crime', ',', 'Drama', '|', '14', 'October', '1994', '(USA)'];The lives of two mob hit-men, a boxer, a gangster's wife, and a pair of diner bandits intertwine in four tales of violence and redemption.
72;Citizen Kane;1941;Orson Welles (dir.), Orson Welles, Joseph Cotten;8.3;3h15min;Crime;['2h', '41min', '|', 'Western', '|', '23', 'December', '1966', '(Italy)'];A bounty hunting scam joins two men in an uneasy alliance against a third in a race to find a fortune in gold buried in a remote cemetery.
73;Braveheart;1995;Mel Gibson (dir.), Mel Gibson, Sophie Marceau;8.3;2h22min;Drama;['A', '|', '2h', '22min', '|', 'Drama', '|', '14', 'October', '1994', '(USA)'];Two imprisoned men bond over a number of years, finding solace and eventual redemption through acts of common decency.
74;Vertigo;1958;Alfred Hitchcock (dir.), James Stewart, Kim Novak;8.3;2h55min;Crime;['A', '|', '2h', '55min', '|', 'Crime', ',', 'Drama', '|', '24', 'March', '1972', '(USA)'];The aging patriarch of an organized crime dynasty transfers control of his clandestine empire to his reluctant son.
75;North by Northwest;1959;Alfred Hitchcock (dir.), Cary Grant, Eva Marie Saint;8.3;2h30min;Drama;['3h', '22min', '|', 'Crime', ',', 'Drama', '|', '20', 'December', '1974', '(USA)'];The early life and career of Vito Corleone in 1920s New York City is portrayed, while his son, Michael, expands and tightens his grip on the family crime syndicate.
76;Reservoir Dogs;1992;Quentin Tarantino (dir.), Harvey Keitel, Tim Roth;8.3;2h32min;Action;['UA', '|', '2h', '32min', '|', 'Action', ',', 'Crime', ',', 'Drama', '|', '18', 'July', '2008', '(India)'];When the menace known as the Joker emerges from his mysterious past, he wreaks havoc and chaos on the people of Gotham. The Dark Knight must accept one of the greatest psychological and physical tests of his ability to fight injustice.
77;Star Wars: Episode VI - Return of the Jedi;1983;Richard Marquand (dir.), Mark Hamill, Harrison Ford;8.3;2h15min;Drama;['1h', '36min', '|', 'Crime', ',', 'Drama', '|', 'April', '1957', '(USA)'];A jury holdout attempts to prevent a miscarriage of justice by forcing his colleagues to reconsider the evidence.
78;Kimi no na wa.;2016;Makoto Shinkai (dir.), Ryûnosuke Kamiki, Mone Kamishiraishi;8.3;3h15min;Biography;['A', '|', '3h', '15min', '|', 'Biography', ',', 'Drama', ',', 'History', '|', '4', 'February', '1994', '(USA)'];In German-occupied Poland during World War II, Oskar Schindler gradually becomes concerned for his Jewish workforce after witnessing their persecution by the Nazi Germans.
79;M - Eine Stadt sucht einen Mörder;1931;Fritz Lang (dir.), Peter Lorre, Ellen Widmann;8.3;3h21min;Action;['PG-13', '|', '3h', '21min', '|', 'Action', ',', 'Adventure', ',', 'Drama', '|', '6', 'February', '2004', '(India)'];Gandalf and Aragorn lead the World of Men against Sauron's army to draw his gaze from Frodo and Sam as they approach Mount Doom with the One Ring.
80;Dangal;2016;Nitesh Tiwari (dir.), Aamir Khan, Sakshi Tanwar;8.3;2h34min;Crime;['A', '|', '2h', '34min', '|', 'Crime', ',', 'Drama', '|', '14', 'October', '1994', '(USA)'];The lives of two mob hit-men, a boxer, a gangster's wife, and a pair of diner bandits intertwine in four tales of violence and redemption.
81;Requiem for a Dream;2000;Darren Aronofsky (dir.), Ellen Burstyn, Jared Leto;8.3;3h15min;Crime;['2h', '41min', '|', 'Western', '|', '23', 'December', '1966', '(Italy)'];A bounty hunting scam joins two men in an uneasy alliance against a third in a race to find a fortune in gold buried in a remote cemetery.
82;Amadeus;1984;Milos Forman (dir.), F. Murray Abraham, Tom Hulce;8.3;2h22min;Drama;['A', '|', '2h', '22min', '|', 'Drama', '|', '14', 'October', '1994', '(USA)'];Two imprisoned men bond over a number of years, finding solace and eventual redemption through acts of common decency.
83;Taare Zameen Par;2007;Aamir Khan (dir.), Darsheel Safary, Aamir Khan;8.3;2h55min;Crime;['A', '|', '2h', '55min', '|', 'Crime', ',', 'Drama', '|', '24', 'March', '1972', '(USA)'];The aging patriarch of an organized crime dynasty transfers control of his clandestine empire to his reluctant son.
84;Lawrence of Arabia;1962;David Lean (dir.), Peter O'Toole, Alec Guinness;8.3;2h30min;Drama;['3h', '22min', '|', 'Crime', ',', 'Drama', '|', '20', 'December', '1974', '(USA)'];The early life and career of Vito Corleone in 1920s New York City is portrayed, while his son, Michael, expands and tightens his grip on the family crime syndicate.
85;Eternal Sunshine of the Spotless Mind;2004;Michel Gondry (dir.), Jim Carrey, Kate Winslet;8.3;2h32min;Action;['UA', '|', '2h', '32min', '|', 'Action', ',', 'Crime', ',', 'Drama', '|', '18', 'July', '2008', '(India)'];When the menace known as the Joker emerges from his mysterious past, he wreaks havoc and chaos on the people of Gotham. The Dark Knight must accept one of the greatest psychological and physical tests of his ability to fight injustice.
86;A Clockwork Orange;1971;Stanley Kubrick (dir.), Malcolm McDowell, Patrick Magee;8.3;2h15min;Drama;['1h', '36min', '|', 'Crime', ',', 'Drama', '|', 'April', '1957', '(USA)'];A jury holdout attempts to prevent a miscarriage of justice by forcing his colleagues to reconsider the evidence.
87;Amélie;2001;Jean-Pierre Jeunet (dir.), Audrey Tautou, Mathieu Kassovitz;8.3;3h15min;Biography;['A', '|', '3h', '15min', '|', 'Biography', ',', 'Drama', ',', 'History', '|', '4', 'February', '1994', '(USA)'];In German-occupied Poland during World War II, Oskar Schindler gradually becomes concerned for his Jewish workforce after witnessing their persecution by the Nazi Germans.
88;Double Indemnity;1944;Billy Wilder (dir.), Fred MacMurray, Barbara Stanwyck;8.3;3h21min;Action;['PG-13', '|', '3h', '21min', '|', 'Action', ',', 'Adventure', ',', 'Drama', '|', '6', 'February', '2004', '(India)'];Gandalf and Aragorn lead the World of Men against Sauron's army to draw his gaze from Frodo and Sam as they approach Mount Doom with the One Ring.
89;3 Idiots;2009;Rajkumar Hirani (dir.), Aamir Khan, Madhavan;8.3;2h34min;Crime;['A', '|', '2h', '34min', '|', 'Crime', ',', 'Drama', '|', '14', 'October', '1994', '(USA)'];The lives of two mob hit-men, a boxer, a gangster's wife, and a pair of diner bandits intertwine in four tales of violence and redemption.
90;2001: A Space Odyssey;1968;Stanley Kubrick (dir.), Keir Dullea, Gary Lockwood;8.3;3h15min;Crime;['2h', '41min', '|', 'Western', '|', '23', 'December', '1966', '(Italy)'];A bounty hunting scam joins two men in an uneasy alliance against a third in a race to find a fortune in gold buried in a remote cemetery.
91;Toy Story;1995;John Lasseter (dir.), Tom Hanks, Tim Allen;8.3;2h22min;Drama;['A', '|', '2h', '22min', '|', 'Drama', '|', '14', 'October', '1994', '(USA)'];Two imprisoned men bond over a number of years, finding solace and eventual redemption through acts of common decency.
92;Taxi Driver;1976;Martin Scorsese (dir.), Robert De Niro, Jodie Foster;8.3;2h55min;Crime;['A', '|', '2h', '55min', '|', 'Crime', ',', 'Drama', '|', '24', 'March', '1972', '(USA)'];The aging patriarch of an organized crime dynasty transfers control of his clandestine empire to his reluctant son.
93;Singin' in the Rain;1952;Stanley Donen (dir.), Gene Kelly, Donald O'Connor;8.3;2h30min;Drama;['3h', '22min', '|', 'Crime', ',', 'Drama', '|', '20', 'December', '1974', '(USA)'];The early life and career of Vito Corleone in 1920s New York City is portrayed, while his son, Michael, expands and tightens his grip on the family crime syndicate.
94;Full Metal Jacket;1987;Stanley Kubrick (dir.), Matthew Modine, R. Lee Ermey;8.3;2h32min;Action;['UA', '|', '2h', '32min', '|', 'Action', ',', 'Crime', ',', 'Drama', '|', '18', 'July', '2008', '(India)'];When the menace known as the Joker emerges from his mysterious past, he wreaks havoc and chaos on the people of Gotham. The Dark Knight must accept one of the greatest psychological and physical tests of his ability to fight injustice.
95;Inglourious Basterds;2009;Quentin Tarantino (dir.), Brad Pitt, Diane Kruger;8.3;2h15min;Drama;['1h', '36min', '|', 'Crime', ',', 'Drama', '|', 'April', '1957', '(USA)'];A jury holdout attempts to prevent a miscarriage of justice by forcing his colleagues to reconsider the evidence.
96;To Kill a Mockingbird;1962;Robert Mulligan (dir.), Gregory Peck, John Megna;8.3;3h15min;Biography;['A', '|', '3h', '15min', '|', 'Biography', ',', 'Drama', ',', 'History', '|', '4', 'February', '1994', '(USA)'];In German-occupied Poland during World War II, Oskar Schindler gradually becomes concerned for his Jewish workforce after witnessing their persecution by the Nazi Germans.
97;Ladri di biciclette;1948;Vittorio De Sica (dir.), Lamberto Maggiorani, Enzo Staiola;8.3;3h21min;Action;['PG-13', '|', '3h', '21min', '|', 'Action', ',', 'Adventure', ',', 'Drama', '|', '6', 'February', '2004', '(India)'];Gandalf and Aragorn lead the World of Men against Sauron's army to draw his gaze from Frodo and Sam as they approach Mount Doom with the One Ring.
98;The Kid;1921;Charles Chaplin (dir.), Charles Chaplin, Edna Purviance;8.3;2h34min;Crime;['A', '|', '2h', '34min', '|', 'Crime', ',', 'Drama', '|', '14', 'October', '1994', '(USA)'];The lives of two mob hit-men, a boxer, a gangster's wife, and a pair of diner bandits intertwine in four tales of violence and redemption.
99;The Sting;1973;George Roy Hill (dir.), Paul Newman, Robert Redford;8.3;3h15min;Crime;['2h', '41min', '|', 'Western', '|', '23', 'December', '1966', '(Italy)'];A bounty hunting scam joins two men in an uneasy alliance against a third in a race to find a fortune in gold buried in a remote cemetery.
100;Toy Story 3;2010;Lee Unkrich (dir.), Tom Hanks, Tim Allen;8.3;2h22min;Drama;['A', '|', '2h', '22min', '|', 'Drama', '|', '14', 'October', '1994', '(USA)'];Two imprisoned men bond over a number of years, finding solace and eventual redemption through acts of common decency.
101;Good Will Hunting;1997;Gus Van Sant (dir.), Robin Williams, Matt Damon;8.3;2h55min;Crime;['A', '|', '2h', '55min', '|', 'Crime', ',', 'Drama', '|', '24', 'March', '1972', '(USA)'];The aging patriarch of an organized crime dynasty transfers control of his clandestine empire to his reluctant son.
102;Jagten;2012;Thomas Vinterberg (dir.), Mads Mikkelsen, Thomas Bo Larsen;8.3;2h30min;Drama;['3h', '22min', '|', 'Crime', ',', 'Drama', '|', '20', 'December', '1974', '(USA)'];The early life and career of Vito Corleone in 1920s New York City is portrayed, while his son, Michael, expands and tightens his grip on the family crime syndicate.
103;Snatch;2000;Guy Ritchie (dir.), Jason Statham, Brad Pitt;8.3;2h32min;Action;['UA', '|', '2h', '32min', '|', 'Action', ',', 'Crime', ',', 'Drama', '|', '18', 'July', '2008', '(India)'];When the menace known as the Joker emerges from his mysterious past, he wreaks havoc and chaos on the people of Gotham. The Dark Knight must accept one of the greatest psychological and physical tests of his ability to fight injustice.
104;Monty Python and the Holy Grail;1975;Terry Gilliam (dir.), Graham Chapman, John Cleese;8.2;2h15min;Drama;['1h', '36min', '|', 'Crime', ',', 'Drama', '|', 'April', '1957', '(USA)'];A jury holdout attempts to prevent a miscarriage of justice by forcing his colleagues to reconsider the evidence.
105;Scarface;1983;Brian De Palma (dir.), Al Pacino, Michelle Pfeiffer;8.2;3h15min;Biography;['A', '|', '3h', '15min', '|', 'Biography', ',', 'Drama', ',', 'History', '|', '4', 'February', '1994', '(USA)'];In German-occupied Poland during World War II, Oskar Schindler gradually becomes concerned for his Jewish workforce after witnessing their persecution by the Nazi Germans.
106;Per qualche dollaro in più;1965;Sergio Leone (dir.), Clint Eastwood, Lee Van Cleef;8.2;3h21min;Action;['PG-13', '|', '3h', '21min', '|', 'Action', ',', 'Adventure', ',', 'Drama', '|', '6', 'February', '2004', '(India)'];Gandalf and Aragorn lead the World of Men against Sauron's army to draw his gaze from Frodo and Sam as they approach Mount Doom with the One Ring.
107;L.A. Confidential;1997;Curtis Hanson (dir.), Kevin Spacey, Russell Crowe;8.2;2h34min;Crime;['A', '|', '2h', '34min', '|', 'Crime', ',', 'Drama', '|', '14', 'October', '1994', '(USA)'];The lives of two mob hit-men, a boxer, a gangster's wife, and a pair of diner bandits intertwine in four tales of violence and redemption.
108;The Apartment;1960;Billy Wilder (dir.), Jack Lemmon, Shirley MacLaine;8.2;3h15min;Crime;['2h', '41min', '|', 'Western', '|', '23', 'December', '1966', '(Italy)'];A bounty hunting scam joins two men in an uneasy alliance against a third in a race to find a fortune in gold buried in a remote cemetery.
109;Metropolis;1927;Fritz Lang (dir.), Brigitte Helm, Alfred Abel;8.2;2h22min;Drama;['A', '|', '2h', '22min', '|', 'Drama', '|', '14', 'October', '1994', '(USA)'];Two imprisoned men bond over a number of years, finding solace and eventual redemption through acts of common decency.
110;Jodaeiye Nader az Simin;2011;Asghar Farhadi (dir.), Payman Maadi, Leila Hatami;8.2;2h55min;Crime;['A', '|', '2h', '55min', '|', 'Crime', ',', 'Drama', '|', '24', 'March', '1972', '(USA)'];The aging patriarch of an organized crime dynasty transfers control of his clandestine empire to his reluctant son.
111;Indiana Jones and the Last Crusade;1989;Steven Spielberg (dir.), Harrison Ford, Sean Connery;8.2;2h30min;Drama;['3h', '22min', '|', 'Crime', ',', 'Drama', '|', '20', 'December', '1974', '(USA)'];The early life and career of Vito Corleone in 1920s New York City is portrayed, while his son, Michael, expands and tightens his grip on the family crime syndicate.
112;Rashômon;1950;Akira Kurosawa (dir.), Toshirô Mifune, Machiko Kyô;8.2;2h32min;Action;['UA', '|', '2h', '32min', '|', 'Action', ',', 'Crime', ',', 'Drama', '|', '18', 'July', '2008', '(India)'];When the menace known as the Joker emerges from his mysterious past, he wreaks havoc and chaos on the people of Gotham. The Dark Knight must accept one of the greatest psychological and physical tests of his ability to fight injustice.
113;Up;2009;Pete Docter (dir.), Edward Asner, Jordan Nagai;8.2;2h15min;Drama;['1h', '36min', '|', 'Crime', ',', 'Drama', '|', 'April', '1957', '(USA)'];A jury holdout attempts to prevent a miscarriage of justice by forcing his colleagues to reconsider the evidence.
114;All About Eve;1950;Joseph L. Mankiewicz (dir.), Bette Davis, Anne Baxter;8.2;3h15min;Biography;['A', '|', '3h', '15min', '|', 'Biography', ',', 'Drama', ',', 'History', '|', '4', 'February', '1994', '(USA)'];In German-occupied Poland during World War II, Oskar Schindler gradually becomes concerned for his Jewish workforce after witnessing their persecution by the Nazi Germans.
115;Yôjinbô;1961;Akira Kurosawa (dir.), Toshirô Mifune, Eijirô Tôno;8.2;3h21min;Action;['PG-13', '|', '3h', '21min', '|', 'Action', ',', 'Adventure', ',', 'Drama', '|', '6', 'February', '2004', '(India)'];Gandalf and Aragorn lead the World of Men against Sauron's army to draw his gaze from Frodo and Sam as they approach Mount Doom with the One Ring.
116;Batman Begins;2005;Christopher Nolan (dir.), Christian Bale, Michael Caine;8.2;2h34min;Crime;['A', '|', '2h', '34min', '|', 'Crime', ',', 'Drama', '|', '14', 'October', '1994', '(USA)'];The lives of two mob hit-men, a boxer, a gangster's wife, and a pair of diner bandits intertwine in four tales of violence and redemption.
117;Some Like It Hot;1959;Billy Wilder (dir.), Marilyn Monroe, Tony Curtis;8.2;3h15min;Crime;['2h', '41min', '|', 'Western', '|', '23', 'December', '1966', '(Italy)'];A bounty hunting scam joins two men in an uneasy alliance against a third in a race to find a fortune in gold buried in a remote cemetery.
118;Unforgiven;1992;Clint Eastwood (dir.), Clint Eastwood, Gene Hackman;8.2;2h22min;Drama;['A', '|', '2h', '22min', '|', 'Drama', '|', '14', 'October', '1994', '(USA)'];Two imprisoned men bond over a number of years, finding solace and eventual redemption through acts of common decency.
119;Der Untergang;2004;Oliver Hirschbiegel (dir.), Bruno Ganz, Alexandra Maria Lara;8.2;2h55min;Crime;['A', '|', '2h', '55min', '|', 'Crime', ',', 'Drama', '|', '24', 'March', '1972', '(USA)'];The aging patriarch of an organized crime dynasty transfers control of his clandestine empire to his reluctant son.
120;The Treasure of the Sierra Madre;1948;John Huston (dir.), Humphrey Bogart, Walter Huston;8.2;2h30min;Drama;['3h', '22min', '|', 'Crime', ',', 'Drama', '|', '20', 'December', '1974', '(USA)'];The early life and career of Vito Corleone in 1920s New York City is portrayed, while his son, Michael, expands and tightens his grip on the family crime syndicate.
121;Die Hard;1988;John McTiernan (dir.), Bruce Willis, Alan Rickman;8.2;2h32min;Action;['UA', '|', '2h', '32min', '|', 'Action', ',', 'Crime', ',', 'Drama', '|', '18', 'July', '2008', '(India)'];When the menace known as the Joker emerges from his mysterious past, he wreaks havoc and chaos on the people of Gotham. The Dark Knight must accept one of the greatest psychological and physical tests of his ability to fight injustice.
122;Heat;1995;Michael Mann (dir.), Al Pacino, Robert De Niro;8.2;2h15min;Drama;['1h', '36min', '|', 'Crime', ',', 'Drama', '|', 'April', '1957', '(USA)'];A jury holdout attempts to prevent a miscarriage of justice by forcing his colleagues to reconsider the evidence.
123;Ikiru;1952;Akira Kurosawa (dir.), Takashi Shimura, Nobuo Kaneko;8.2;3h15min;Biography;['A', '|', '3h', '15min', '|', 'Biography', ',', 'Drama', ',', 'History', '|', '4', 'February', '1994', '(USA)'];In German-occupied Poland during World War II, Oskar Schindler gradually becomes concerned for his Jewish workforce after witnessing their persecution by the Nazi Germans.
124;Raging Bull;1980;Martin Scorsese (dir.), Robert De Niro, Cathy Moriarty;8.2;3h21min;Action;['PG-13', '|', '3h', '21min', '|', 'Action', ',', 'Adventure', ',', 'Drama', '|', '6', 'February', '2004', '(India)'];Gandalf and Aragorn lead the World of Men against Sauron's army to draw his gaze from Frodo and Sam as they approach Mount Doom with the One Ring.
125;Incendies;2010;Denis Villeneuve (dir.), Lubna Azabal, Mélissa Désormeaux-Poulin;8.2;2h34min;Crime;['A', '|', '2h', '34min', '|', 'Crime', ',', 'Drama', '|', '14', 'October', '1994', '(USA)'];The lives of two mob hit-men, a boxer, a gangster's wife, and a pair of diner bandits intertwine in four tales of violence and redemption.
126;The Great Escape;1963;John Sturges (dir.), Steve McQueen, James Garner;8.2;3h15min;Crime;['2h', '41min', '|', 'Western', '|', '23', 'December', '1966', '(Italy)'];A bounty hunting scam joins two men in an uneasy alliance against a third in a race to find a fortune in gold buried in a remote cemetery.
127;Babam ve Oglum;2005;Çagan Irmak (dir.), Çetin Tekindor, Fikret Kuskan;8.2;2h22min;Drama;['A', '|', '2h', '22min', '|', 'Drama', '|', '14', 'October', '1994', '(USA)'];Two imprisoned men bond over a number of years, finding solace and eventual redemption through acts of common decency.
128;Bacheha-Ye aseman;1997;Majid Majidi (dir.), Mohammad Amir Naji, Amir Farrokh Hashemian;8.2;2h55min;Crime;['A', '|', '2h', '55min', '|', 'Crime', ',', 'Drama', '|', '24', 'March', '1972', '(USA)'];The aging patriarch of an organized crime dynasty transfers control of his clandestine empire to his reluctant son.
129;Pan's Labyrinth;2006;Guillermo del Toro (dir.), Ivana Baquero, Ariadna Gil;8.2;2h30min;Drama;['3h', '22min', '|', 'Crime', ',', 'Drama', '|', '20', 'December', '1974', '(USA)'];The early life and career of Vito Corleone in 1920s New York City is portrayed, while his son, Michael, expands and tightens his grip on the family crime syndicate.
130;The Third Man;1949;Carol Reed (dir.), Orson Welles, Joseph Cotten;8.2;2h32min;Action;['UA', '|', '2h', '32min', '|', 'Action', ',', 'Crime', ',', 'Drama', '|', '18', 'July', '2008', '(India)'];When the menace known as the Joker emerges from his mysterious past, he wreaks havoc and chaos on the people of Gotham. The Dark Knight must accept one of the greatest psychological and physical tests of his ability to fight injustice.
131;Chinatown;1974;Roman Polanski (dir.), Jack Nicholson, Faye Dunaway;8.2;2h15min;Drama;['1h', '36min', '|', 'Crime', ',', 'Drama', '|', 'April', '1957', '(USA)'];A jury holdout attempts to prevent a miscarriage of justice by forcing his colleagues to reconsider the evidence.
132;Tonari no Totoro;1988;Hayao Miyazaki (dir.), Hitoshi Takagi, Noriko Hidaka;8.2;3h15min;Biography;['A', '|', '3h', '15min', '|', 'Biography', ',', 'Drama', ',', 'History', '|', '4', 'February', '1994', '(USA)'];In German-occupied Poland during World War II, Oskar Schindler gradually becomes concerned for his Jewish workforce after witnessing their persecution by the Nazi Germans.
133;Ran;1985;Akira Kurosawa (dir.), Tatsuya Nakadai, Akira Terao;8.2;3h21min;Action;['PG-13', '|', '3h', '21min', '|', 'Action', ',', 'Adventure', ',', 'Drama', '|', '6', 'February', '2004', '(India)'];Gandalf and Aragorn lead the World of Men against Sauron's army to draw his gaze from Frodo and Sam as they approach Mount Doom with the One Ring.
134;Hauru no ugoku shiro;2004;Hayao Miyazaki (dir.), Chieko Baishô, Takuya Kimura;8.2;2h34min;Crime;['A', '|', '2h', '34min', '|', 'Crime', ',', 'Drama', '|', '14', 'October', '1994', '(USA)'];The lives of two mob hit-men, a boxer, a gangster's wife, and a pair of diner bandits intertwine in four tales of violence and redemption.
135;Judgment at Nuremberg;1961;Stanley Kramer (dir.), Spencer Tracy, Burt Lancaster;8.2;3h15min;Crime;['2h', '41min', '|', 'Western', '|', '23', 'December', '1966', '(Italy)'];A bounty hunting scam joins two men in an uneasy alliance against a third in a race to find a fortune in gold buried in a remote cemetery.
136;El secreto de sus ojos;2009;Juan José Campanella (dir.), Ricardo Darín, Soledad Villamil;8.2;2h22min;Drama;['A', '|', '2h', '22min', '|', 'Drama', '|', '14', 'October', '1994', '(USA)'];Two imprisoned men bond over a number of years, finding solace and eventual redemption through acts of common decency.
137;The Gold Rush;1925;Charles Chaplin (dir.), Charles Chaplin, Mack Swain;8.2;2h55min;Crime;['A', '|', '2h', '55min', '|', 'Crime', ',', 'Drama', '|', '24', 'March', '1972', '(USA)'];The aging patriarch of an organized crime dynasty transfers control of his clandestine empire to his reluctant son.
138;The Bridge on the River Kwai;1957;David Lean (dir.), William Holden, Alec Guinness;8.2;2h30min;Drama;['3h', '22min', '|', 'Crime', ',', 'Drama', '|', '20', 'December', '1974', '(USA)'];The early life and career of Vito Corleone in 1920s New York City is portrayed, while his son, Michael, expands and tightens his grip on the family crime syndicate.
139;Three Billboards Outside Ebbing, Missouri;2017;Martin McDonagh (dir.), Frances McDormand, Woody Harrelson;8.2;2h32min;Action;['UA', '|', '2h', '32min', '|', 'Action', ',', 'Crime', ',', 'Drama', '|', '18', 'July', '2008', '(India)'];When the menace known as the Joker emerges from his mysterious past, he wreaks havoc and chaos on the people of Gotham. The Dark Knight must accept one of the greatest psychological and physical tests of his ability to fight injustice.
140;A Beautiful Mind;2001;Ron Howard (dir.), Russell Crowe, Ed Harris;8.2;2h15min;Drama;['1h', '36min', '|', 'Crime', ',', 'Drama', '|', 'April', '1957', '(USA)'];A jury holdout attempts to prevent a miscarriage of justice by forcing his colleagues to reconsider the evidence.
141;On the Waterfront;1954;Elia Kazan (dir.), Marlon Brando, Karl Malden;8.2;3h15min;Biography;['A', '|', '3h', '15min', '|', 'Biography', ',', 'Drama', ',', 'History', '|', '4', 'February', '1994', '(USA)'];In German-occupied Poland during World War II, Oskar Schindler gradually becomes concerned for his Jewish workforce after witnessing their persecution by the Nazi Germans.
142;Lock, Stock and Two Smoking Barrels;1998;Guy Ritchie (dir.), Jason Flemyng, Dexter Fletcher;8.2;3h21min;Action;['PG-13', '|', '3h', '21min', '|', 'Action', ',', 'Adventure', ',', 'Drama', '|', '6', 'February', '2004', '(India)'];Gandalf and Aragorn lead the World of Men against Sauron's army to draw his gaze from Frodo and Sam as they approach Mount Doom with the One Ring.
143;Casino;1995;Martin Scorsese (dir.), Robert De Niro, Sharon Stone;8.2;2h34min;Crime;['A', '|', '2h', '34min', '|', 'Crime', ',', 'Drama', '|', '14', 'October', '1994', '(USA)'];The lives of two mob hit-men, a boxer, a gangster's wife, and a pair of diner bandits intertwine in four tales of violence and redemption.
144;Det sjunde inseglet;1957;Ingmar Bergman (dir.), Max von Sydow, Gunnar Björnstrand;8.2;3h15min;Crime;['2h', '41min', '|', 'Western', '|', '23', 'December', '1966', '(Italy)'];A bounty hunting scam joins two men in an uneasy alliance against a third in a race to find a fortune in gold buried in a remote cemetery.
145;Inside Out;2015;Pete Docter (dir.), Amy Poehler, Bill Hader;8.2;2h22min;Drama;['A', '|', '2h', '22min', '|', 'Drama', '|', '14', 'October', '1994', '(USA)'];Two imprisoned men bond over a number of years, finding solace and eventual redemption through acts of common decency.
146;Room;2015;Lenny Abrahamson (dir.), Brie Larson, Jacob Tremblay;8.1;2h55min;Crime;['A', '|', '2h', '55min', '|', 'Crime', ',', 'Drama', '|', '24', 'March', '1972', '(USA)'];The aging patriarch of an organized crime dynasty transfers control of his clandestine empire to his reluctant son.
147;The Elephant Man;1980;David Lynch (dir.), Anthony Hopkins, John Hurt;8.1;2h30min;Drama;['3h', '22min', '|', 'Crime', ',', 'Drama', '|', '20', 'December', '1974', '(USA)'];The early life and career of Vito Corleone in 1920s New York City is portrayed, while his son, Michael, expands and tightens his grip on the family crime syndicate.
148;Mr. Smith Goes to Washington;1939;Frank Capra (dir.), James Stewart, Jean Arthur;8.1;2h32min;Action;['UA', '|', '2h', '32min', '|', 'Action', ',', 'Crime', ',', 'Drama', '|', '18', 'July', '2008', '(India)'];When the menace known as the Joker emerges from his mysterious past, he wreaks havoc and chaos on the people of Gotham. The Dark Knight must accept one of the greatest psychological and physical tests of his ability to fight injustice.
149;The Wolf of Wall Street;2013;Martin Scorsese (dir.), Leonardo DiCaprio, Jonah Hill;8.1;2h15min;Drama;['1h', '36min', '|', 'Crime', ',', 'Drama', '|', 'April', '1957', '(USA)'];A jury holdout attempts to prevent a miscarriage of justice by forcing his colleagues to reconsider the evidence.
150;V for Vendetta;2005;James McTeigue (dir.), Hugo Weaving, Natalie Portman;8.1;3h15min;Biography;['A', '|', '3h', '15min', '|', 'Biography', ',', 'Drama', ',', 'History', '|', '4', 'February', '1994', '(USA)'];In German-occupied Poland during World War II, Oskar Schindler gradually becomes concerned for his Jewish workforce after witnessing their persecution by the Nazi Germans.
151;Warrior;2011;Gavin O'Connor (dir.), Tom Hardy, Nick Nolte;8.1;3h21min;Action;['PG-13', '|', '3h', '21min', '|', 'Action', ',', 'Adventure', ',', 'Drama', '|', '6', 'February', '2004', '(India)'];Gandalf and Aragorn lead the World of Men against Sauron's army to draw his gaze from Frodo and Sam as they approach Mount Doom with the One Ring.
152;Blade Runner;1982;Ridley Scott (dir.), Harrison Ford, Rutger Hauer;8.1;2h34min;Crime;['A', '|', '2h', '34min', '|', 'Crime', ',', 'Drama', '|', '14', 'October', '1994', '(USA)'];The lives of two mob hit-men, a boxer, a gangster's wife, and a pair of diner bandits intertwine in four tales of violence and redemption.
153;The General;1926;Clyde Bruckman (dir.), Buster Keaton, Marion Mack;8.1;3h15min;Crime;['2h', '41min', '|', 'Western', '|', '23', 'December', '1966', '(Italy)'];A bounty hunting scam joins two men in an uneasy alliance against a third in a race to find a fortune in gold buried in a remote cemetery.
154;Smultronstället;1957;Ingmar Bergman (dir.), Victor Sjöström, Bibi Andersson;8.1;2h22min;Drama;['A', '|', '2h', '22min', '|', 'Drama', '|', '14', 'October', '1994', '(USA)'];Two imprisoned men bond over a number of years, finding solace and eventual redemption through acts of common decency.
155;Dial M for Murder;1954;Alfred Hitchcock (dir.), Ray Milland, Grace Kelly;8.1;2h55min;Crime;['A', '|', '2h', '55min', '|', 'Crime', ',', 'Drama', '|', '24', 'March', '1972', '(USA)'];The aging patriarch of an organized crime dynasty transfers control of his clandestine empire to his reluctant son.
156;Trainspotting;1996;Danny Boyle (dir.), Ewan McGregor, Ewen Bremner;8.1;2h30min;Drama;['3h', '22min', '|', 'Crime', ',', 'Drama', '|', '20', 'December', '1974', '(USA)'];The early life and career of Vito Corleone in 1920s New York City is portrayed, while his son, Michael, expands and tightens his grip on the family crime syndicate.
157;No Country for Old Men;2007;Ethan Coen (dir.), Tommy Lee Jones, Javier Bardem;8.1;2h32min;Action;['UA', '|', '2h', '32min', '|', 'Action', ',', 'Crime', ',', 'Drama', '|', '18', 'July', '2008', '(India)'];When the menace known as the Joker emerges from his mysterious past, he wreaks havoc and chaos on the people of Gotham. The Dark Knight must accept one of the greatest psychological and physical tests of his ability to fight injustice.
158;There Will Be Blood;2007;Paul Thomas Anderson (dir.), Daniel Day-Lewis, Paul Dano;8.1;2h15min;Drama;['1h', '36min', '|', 'Crime', ',', 'Drama', '|', 'April', '1957', '(USA)'];A jury holdout attempts to prevent a miscarriage of justice by forcing his colleagues to reconsider the evidence.
159;The Sixth Sense;1999;M. Night Shyamalan (dir.), Bruce Willis, Haley Joel Osment;8.1;3h15min;Biography;['A', '|', '3h', '15min', '|', 'Biography', ',', 'Drama', ',', 'History', '|', '4', 'February', '1994', '(USA)'];In German-occupied Poland during World War II, Oskar Schindler gradually becomes concerned for his Jewish workforce after witnessing their persecution by the Nazi Germans.
160;Gone with the Wind;1939;Victor Fleming (dir.), Clark Gable, Vivien Leigh;8.1;3h21min;Action;['PG-13', '|', '3h', '21min', '|', 'Action', ',', 'Adventure', ',', 'Drama', '|', '6', 'February', '2004', '(India)'];Gandalf and Aragorn lead the World of Men against Sauron's army to draw his gaze from Frodo and Sam as they approach Mount Doom with the One Ring.
161;The Thing;1982;John Carpenter (dir.), Kurt Russell, Wilford Brimley;8.1;2h34min;Crime;['A', '|', '2h', '34min', '|', 'Crime', ',', 'Drama', '|', '14', 'October', '1994', '(USA)'];The lives of two mob hit-men, a boxer, a gangster's wife, and a pair of diner bandits intertwine in four tales of violence and redemption.
162;Fargo;1996;Joel Coen (dir.), William H. Macy, Frances McDormand;8.1;3h15min;Crime;['2h', '41min', '|', 'Western', '|', '23', 'December', '1966', '(Italy)'];A bounty hunting scam joins two men in an uneasy alliance against a third in a race to find a fortune in gold buried in a remote cemetery.
163;Gran Torino;2008;Clint Eastwood (dir.), Clint Eastwood, Bee Vang;8.1;2h22min;Drama;['A', '|', '2h', '22min', '|', 'Drama', '|', '14', 'October', '1994', '(USA)'];Two imprisoned men bond over a number of years, finding solace and eventual redemption through acts of common decency.
164;The Deer Hunter;1978;Michael Cimino (dir.), Robert De Niro, Christopher Walken;8.1;2h55min;Crime;['A', '|', '2h', '55min', '|', 'Crime', ',', 'Drama', '|', '24', 'March', '1972', '(USA)'];The aging patriarch of an organized crime dynasty transfers control of his clandestine empire to his reluctant son.
165;Finding Nemo;2003;Andrew Stanton (dir.), Albert Brooks, Ellen DeGeneres;8.1;2h30min;Drama;['3h', '22min', '|', 'Crime', ',', 'Drama', '|', '20', 'December', '1974', '(USA)'];The early life and career of Vito Corleone in 1920s New York City is portrayed, while his son, Michael, expands and tightens his grip on the family crime syndicate.
166;Idi i smotri;1985;Elem Klimov (dir.), Aleksey Kravchenko, Olga Mironova;8.1;2h32min;Action;['UA', '|', '2h', '32min', '|', 'Action', ',', 'Crime', ',', 'Drama', '|', '18', 'July', '2008', '(India)'];When the menace known as the Joker emerges from his mysterious past, he wreaks havoc and chaos on the people of Gotham. The Dark Knight must accept one of the greatest psychological and physical tests of his ability to fight injustice.
167;Sherlock Jr.;1924;Buster Keaton (dir.), Buster Keaton, Kathryn McGuire;8.1;2h15min;Drama;['1h', '36min', '|', 'Crime', ',', 'Drama', '|', 'April', '1957', '(USA)'];A jury holdout attempts to prevent a miscarriage of justice by forcing his colleagues to reconsider the evidence.
168;The Big Lebowski;1998;Joel Coen (dir.), Jeff Bridges, John Goodman;8.1;3h15min;Biography;['A', '|', '3h', '15min', '|', 'Biography', ',', 'Drama', ',', 'History', '|', '4', 'February', '1994', '(USA)'];In German-occupied Poland during World War II, Oskar Schindler gradually becomes concerned for his Jewish workforce after witnessing their persecution by the Nazi Germans.
169;Kill Bill: Vol. 1;2003;Quentin Tarantino (dir.), Uma Thurman, David Carradine;8.1;3h21min;Action;['PG-13', '|', '3h', '21min', '|', 'Action', ',', 'Adventure', ',', 'Drama', '|', '6', 'February', '2004', '(India)'];Gandalf and Aragorn lead the World of Men against Sauron's army to draw his gaze from Frodo and Sam as they approach Mount Doom with the One Ring.
170;Shutter Island;2010;Martin Scorsese (dir.), Leonardo DiCaprio, Emily Mortimer;8.1;2h34min;Crime;['A', '|', '2h', '34min', '|', 'Crime', ',', 'Drama', '|', '14', 'October', '1994', '(USA)'];The lives of two mob hit-men, a boxer, a gangster's wife, and a pair of diner bandits intertwine in four tales of violence and redemption.
171;Cool Hand Luke;1967;Stuart Rosenberg (dir.), Paul Newman, George Kennedy;8.1;3h15min;Crime;['2h', '41min', '|', 'Western', '|', '23', 'December', '1966', '(Italy)'];A bounty hunting scam joins two men in an uneasy alliance against a third in a race to find a fortune in gold buried in a remote cemetery.
172;Rebecca;1940;Alfred Hitchcock (dir.), Laurence Olivier, Joan Fontaine;8.1;2h22min;Drama;['A', '|', '2h', '22min', '|', 'Drama', '|', '14', 'October', '1994', '(USA)'];Two imprisoned men bond over a number of years, finding solace and eventual redemption through acts of common decency.
173;Tôkyô monogatari;1953;Yasujirô Ozu (dir.), Chishû Ryû, Chieko Higashiyama;8.1;2h55min;Crime;['A', '|', '2h', '55min', '|', 'Crime', ',', 'Drama', '|', '24', 'March', '1972', '(USA)'];The aging patriarch of an organized crime dynasty transfers control of his clandestine empire to his reluctant son.
174;A Star Is Born;2018;Bradley Cooper (dir.), Lady Gaga, Bradley Cooper;8.1;2h30min;Drama;['3h', '22min', '|', 'Crime', ',', 'Drama', '|', '20', 'December', '1974', '(USA)'];The early life and career of Vito Corleone in 1920s New York City is portrayed, while his son, Michael, expands and tightens his grip on the family crime syndicate.
175;Hacksaw Ridge;2016;Mel Gibson (dir.), Andrew Garfield, Sam Worthington;8.1;2h32min;Action;['UA', '|', '2h', '32min', '|', 'Action', ',', 'Crime', ',', 'Drama', '|', '18', 'July', '2008', '(India)'];When the menace known as the Joker emerges from his mysterious past, he wreaks havoc and chaos on the people of Gotham. The Dark Knight must accept one of the greatest psychological and physical tests of his ability to fight injustice.
176;Mary and Max;2009;Adam Elliot (dir.), Toni Collette, Philip Seymour Hoffman;8.1;2h15min;Drama;['1h', '36min', '|', 'Crime', ',', 'Drama', '|', 'April', '1957', '(USA)'];A jury holdout attempts to prevent a miscarriage of justice by forcing his colleagues to reconsider the evidence.
177;Sunrise: A Song of Two Humans;1927;F.W. Murnau (dir.), George O'Brien, Janet Gaynor;8.1;3h15min;Biography;['A', '|', '3h', '15min', '|', 'Biography', ',', 'Drama', ',', 'History', '|', '4', 'February', '1994', '(USA)'];In German-occupied Poland during World War II, Oskar Schindler gradually becomes concerned for his Jewish workforce after witnessing their persecution by the Nazi Germans.
178;Gone Girl;2014;David Fincher (dir.), Ben Affleck, Rosamund Pike;8.1;3h21min;Action;['PG-13', '|', '3h', '21min', '|', 'Action', ',', 'Adventure', ',', 'Drama', '|', '6', 'February', '2004', '(India)'];Gandalf and Aragorn lead the World of Men against Sauron's army to draw his gaze from Frodo and Sam as they approach Mount Doom with the One Ring.
179;How to Train Your Dragon;2010;Dean DeBlois (dir.), Jay Baruchel, Gerard Butler;8.1;2h34min;Crime;['A', '|', '2h', '34min', '|', 'Crime', ',', 'Drama', '|', '14', 'October', '1994', '(USA)'];The lives of two mob hit-men, a boxer, a gangster's wife, and a pair of diner bandits intertwine in four tales of violence and redemption.
180;Relatos salvajes;2014;Damián Szifron (dir.), Darío Grandinetti, María Marull;8.1;3h15min;Crime;['2h', '41min', '|', 'Western', '|', '23', 'December', '1966', '(Italy)'];A bounty hunting scam joins two men in an uneasy alliance against a third in a race to find a fortune in gold buried in a remote cemetery.
181;Jurassic Park;1993;Steven Spielberg (dir.), Sam Neill, Laura Dern;8.1;2h22min;Drama;['A', '|', '2h', '22min', '|', 'Drama', '|', '14', 'October', '1994', '(USA)'];Two imprisoned men bond over a number of years, finding solace and eventual redemption through acts of common decency.
182;Into the Wild;2007;Sean Penn (dir.), Emile Hirsch, Vince Vaughn;8.1;2h55min;Crime;['A', '|', '2h', '55min', '|', 'Crime', ',', 'Drama', '|', '24', 'March', '1972', '(USA)'];The aging patriarch of an organized crime dynasty transfers control of his clandestine empire to his reluctant son.
183;Eskiya;1996;Yavuz Turgul (dir.), Sener Sen, Ugur Yücel;8.1;2h30min;Drama;['3h', '22min', '|', 'Crime', ',', 'Drama', '|', '20', 'December', '1974', '(USA)'];The early life and career of Vito Corleone in 1920s New York City is portrayed, while his son, Michael, expands and tightens his grip on the family crime syndicate.
184;Life of Brian;1979;Terry Jones (dir.), Graham Chapman, John Cleese;8.1;2h32min;Action;['UA', '|', '2h', '32min', '|', 'Action', ',', 'Crime', ',', 'Drama', '|', '18', 'July', '2008', '(India)'];When the menace known as the Joker emerges from his mysterious past, he wreaks havoc and chaos on the people of Gotham. The Dark Knight must accept one of the greatest psychological and physical tests of his ability to fight injustice.
185;It Happened One Night;1934;Frank Capra (dir.), Clark Gable, Claudette Colbert;8.1;2h15min;Drama;['1h', '36min', '|', 'Crime', ',', 'Drama', '|', 'April', '1957', '(USA)'];A jury holdout attempts to prevent a miscarriage of justice by forcing his colleagues to reconsider the evidence.
186;In the Name of the Father;1993;Jim Sheridan (dir.), Daniel Day-Lewis, Pete Postlethwaite;8.1;3h15min;Biography;['A', '|', '3h', '15min', '|', 'Biography', ',', 'Drama', ',', 'History', '|', '4', 'February', '1994', '(USA)'];In German-occupied Poland during World War II, Oskar Schindler gradually becomes concerned for his Jewish workforce after witnessing their persecution by the Nazi Germans.
187;Platoon;1986;Oliver Stone (dir.), Charlie Sheen, Tom Berenger;8.1;3h21min;Action;['PG-13', '|', '3h', '21min', '|', 'Action', ',', 'Adventure', ',', 'Drama', '|', '6', 'February', '2004', '(India)'];Gandalf and Aragorn lead the World of Men against Sauron's army to draw his gaze from Frodo and Sam as they approach Mount Doom with the One Ring.
188;The Grand Budapest Hotel;2014;Wes Anderson (dir.), Ralph Fiennes, F. Murray Abraham;8.1;2h34min;Crime;['A', '|', '2h', '34min', '|', 'Crime', ',', 'Drama', '|', '14', 'October', '1994', '(USA)'];The lives of two mob hit-men, a boxer, a gangster's wife, and a pair of diner bandits intertwine in four tales of violence and redemption.
189;Stand by Me;1986;Rob Reiner (dir.), Wil Wheaton, River Phoenix;8.1;3h15min;Crime;['2h', '41min', '|', 'Western', '|', '23', 'December', '1966', '(Italy)'];A bounty hunting scam joins two men in an uneasy alliance against a third in a race to find a fortune in gold buried in a remote cemetery.
190;The Truman Show;1998;Peter Weir (dir.), Jim Carrey, Ed Harris;8.1;2h22min;Drama;['A', '|', '2h', '22min', '|', 'Drama', '|', '14', 'October', '1994', '(USA)'];Two imprisoned men bond over a number of years, finding solace and eventual redemption through acts of common decency.
191;Network;1976;Sidney Lumet (dir.), Faye Dunaway, William Holden;8.1;2h55min;Crime;['A', '|', '2h', '55min', '|', 'Crime', ',', 'Drama', '|', '24', 'March', '1972', '(USA)'];The aging patriarch of an organized crime dynasty transfers control of his clandestine empire to his reluctant son.
192;Stalker;1979;Andrei Tarkovsky (dir.), Alisa Freyndlikh, Aleksandr Kaydanovskiy;8.1;2h30min;Drama;['3h', '22min', '|', 'Crime', ',', 'Drama', '|', '20', 'December', '1974', '(USA)'];The early life and career of Vito Corleone in 1920s New York City is portrayed, while his son, Michael, expands and tightens his grip on the family crime syndicate.
193;Hotel Rwanda;2004;Terry George (dir.), Don Cheadle, Sophie Okonedo;8.1;2h32min;Action;['UA', '|', '2h', '32min', '|', 'Action', ',', 'Crime', ',', 'Drama', '|', '18', 'July', '2008', '(India)'];When the menace known as the Joker emerges from his mysterious past, he wreaks havoc and chaos on the people of Gotham. The Dark Knight must accept one of the greatest psychological and physical tests of his ability to fight injustice.
194;Ben-Hur;1959;William Wyler (dir.), Charlton Heston, Jack Hawkins;8.1;2h15min;Drama;['1h', '36min', '|', 'Crime', ',', 'Drama', '|', 'April', '1957', '(USA)'];A jury holdout attempts to prevent a miscarriage of justice by forcing his colleagues to reconsider the evidence.
195;Persona;1966;Ingmar Bergman (dir.), Bibi Andersson, Liv Ullmann;8.1;3h15min;Biography;['A', '|', '3h', '15min', '|', 'Biography', ',', 'Drama', ',', 'History', '|', '4', 'February', '1994', '(USA)'];In German-occupied Poland during World War II, Oskar Schindler gradually becomes concerned for his Jewish workforce after witnessing their persecution by the Nazi Germans.
196;Salinui chueok;2003;Joon-ho Bong (dir.), Kang-ho Song, Sang-kyung Kim;8.1;3h21min;Action;['PG-13', '|', '3h', '21min', '|', 'Action', ',', 'Adventure', ',', 'Drama', '|', '6', 'February', '2004', '(India)'];Gandalf and Aragorn lead the World of Men against Sauron's army to draw his gaze from Frodo and Sam as they approach Mount Doom with the One Ring.
197;12 Years a Slave;2013;Steve McQueen (dir.), Chiwetel Ejiofor, Michael Kenneth Williams;8.1;2h34min;Crime;['A', '|', '2h', '34min', '|', 'Crime', ',', 'Drama', '|', '14', 'October', '1994', '(USA)'];The lives of two mob hit-men, a boxer, a gangster's wife, and a pair of diner bandits intertwine in four tales of violence and redemption.
198;Andrei Rublev;1966;Andrei Tarkovsky (dir.), Anatoliy Solonitsyn, Ivan Lapikov;8.1;3h15min;Crime;['2h', '41min', '|', 'Western', '|', '23', 'December', '1966', '(Italy)'];A bounty hunting scam joins two men in an uneasy alliance against a third in a race to find a fortune in gold buried in a remote cemetery.
199;Le salaire de la peur;1953;Henri-Georges Clouzot (dir.), Yves Montand, Charles Vanel;8.1;2h22min;Drama;['A', '|', '2h', '22min', '|', 'Drama', '|', '14', 'October', '1994', '(USA)'];Two imprisoned men bond over a number of years, finding solace and eventual redemption through acts of common decency.
200;Million Dollar Baby;2004;Clint Eastwood (dir.), Hilary Swank, Clint Eastwood;8.1;2h55min;Crime;['A', '|', '2h', '55min', '|', 'Crime', ',', 'Drama', '|', '24', 'March', '1972', '(USA)'];The aging patriarch of an organized crime dynasty transfers control of his clandestine empire to his reluctant son.
201;Rang De Basanti;2006;Rakeysh Omprakash Mehra (dir.), Aamir Khan, Soha Ali Khan;8.1;2h30min;Drama;['3h', '22min', '|', 'Crime', ',', 'Drama', '|', '20', 'December', '1974', '(USA)'];The early life and career of Vito Corleone in 1920s New York City is portrayed, while his son, Michael, expands and tightens his grip on the family crime syndicate.
202;La passion de Jeanne d'Arc;1928;Carl Theodor Dreyer (dir.), Maria Falconetti, Eugene Silvain;8.1;2h32min;Action;['UA', '|', '2h', '32min', '|', 'Action', ',', 'Crime', ',', 'Drama', '|', '18', 'July', '2008', '(India)'];When the menace known as the Joker emerges from his mysterious past, he wreaks havoc and chaos on the people of Gotham. The Dark Knight must accept one of the greatest psychological and physical tests of his ability to fight injustice.
203;Rush;2013;Ron Howard (dir.), Daniel Brühl, Chris Hemsworth;8.1;2h15min;Drama;['1h', '36min', '|', 'Crime', ',', 'Drama', '|', 'April', '1957', '(USA)'];A jury holdout attempts to prevent a miscarriage of justice by forcing his colleagues to reconsider the evidence.
204;Mad Max: Fury Road;2015;George Miller (dir.), Tom Hardy, Charlize Theron;8.1;3h15min;Biography;['A', '|', '3h', '15min', '|', 'Biography', ',', 'Drama', ',', 'History', '|', '4', 'February', '1994', '(USA)'];In German-occupied Poland during World War II, Oskar Schindler gradually becomes concerned for his Jewish workforce after witnessing their persecution by the Nazi Germans.
205;Before Sunrise;1995;Richard Linklater (dir.), Ethan Hawke, Julie Delpy;8.1;3h21min;Action;['PG-13', '|', '3h', '21min', '|', 'Action', ',', 'Adventure', ',', 'Drama', '|', '6', 'February', '2004', '(India)'];Gandalf and Aragorn lead the World of Men against Sauron's army to draw his gaze from Frodo and Sam as they approach Mount Doom with the One Ring.
206;Les quatre cents coups;1959;François Truffaut (dir.), Jean-Pierre Léaud, Albert Rémy;8.1;2h34min;Crime;['A', '|', '2h', '34min', '|', 'Crime', ',', 'Drama', '|', '14', 'October', '1994', '(USA)'];The lives of two mob hit-men, a boxer, a gangster's wife, and a pair of diner bandits intertwine in four tales of violence and redemption.
207;Spotlight;2015;Tom McCarthy (dir.), Mark Ruffalo, Michael Keaton;8.1;3h15min;Crime;['2h', '41min', '|', 'Western', '|', '23', 'December', '1966', '(Italy)'];A bounty hunting scam joins two men in an uneasy alliance against a third in a race to find a fortune in gold buried in a remote cemetery.
208;Hachi: A Dog's Tale;2009;Lasse Hallström (dir.), Richard Gere, Joan Allen;8.1;2h22min;Drama;['A', '|', '2h', '22min', '|', 'Drama', '|', '14', 'October', '1994', '(USA)'];Two imprisoned men bond over a number of years, finding solace and eventual redemption through acts of common decency.
209;Logan;2017;James Mangold (dir.), Hugh Jackman, Patrick Stewart;8.1;2h55min;Crime;['A', '|', '2h', '55min', '|', 'Crime', ',', 'Drama', '|', '24', 'March', '1972', '(USA)'];The aging patriarch of an organized crime dynasty transfers control of his clandestine empire to his reluctant son.
210;Prisoners;2013;Denis Villeneuve (dir.), Hugh Jackman, Jake Gyllenhaal;8.1;2h30min;Drama;['3h', '22min', '|', 'Crime', ',', 'Drama', '|', '20', 'December', '1974', '(USA)'];The early life and career of Vito Corleone in 1920s New York City is portrayed, while his son, Michael, expands and tightens his grip on the family crime syndicate.
211;Amores perros;2000;Alejandro G. Iñárritu (dir.), Emilio Echevarría, Gael García Bernal;8.1;2h32min;Action;['UA', '|', '2h', '32min', '|', 'Action', ',', 'Crime', ',', 'Drama', '|', '18', 'July', '2008', '(India)'];When the menace known as the Joker emerges from his mysterious past, he wreaks havoc and chaos on the people of Gotham. The Dark Knight must accept one of the greatest psychological and physical tests of his ability to fight injustice.
212;The Princess Bride;1987;Rob Reiner (dir.), Cary Elwes, Mandy Patinkin;8.1;2h15min;Drama;['1h', '36min', '|', 'Crime', ',', 'Drama', '|', 'April', '1957', '(USA)'];A jury holdout attempts to prevent a miscarriage of justice by forcing his colleagues to reconsider the evidence.
213;Kaze no tani no Naushika;1984;Hayao Miyazaki (dir.), Sumi Shimamoto, Mahito Tsujimura;8;3h15min;Biography;['A', '|', '3h', '15min', '|', 'Biography', ',', 'Drama', ',', 'History', '|', '4', 'February', '1994', '(USA)'];In German-occupied Poland during World War II, Oskar Schindler gradually becomes concerned for his Jewish workforce after witnessing their persecution by the Nazi Germans.
214;Catch Me If You Can;2002;Steven Spielberg (dir.), Leonardo DiCaprio, Tom Hanks;8;3h21min;Action;['PG-13', '|', '3h', '21min', '|', 'Action', ',', 'Adventure', ',', 'Drama', '|', '6', 'February', '2004', '(India)'];Gandalf and Aragorn lead the World of Men against Sauron's army to draw his gaze from Frodo and Sam as they approach Mount Doom with the One Ring.
215;Butch Cassidy and the Sundance Kid;1969;George Roy Hill (dir.), Paul Newman, Robert Redford;8;2h34min;Crime;['A', '|', '2h', '34min', '|', 'Crime', ',', 'Drama', '|', '14', 'October', '1994', '(USA)'];The lives of two mob hit-men, a boxer, a gangster's wife, and a pair of diner bandits intertwine in four tales of violence and redemption.
216;Harry Potter and the Deathly Hallows: Part 2;2011;David Yates (dir.), Daniel Radcliffe, Emma Watson;8;3h15min;Crime;['2h', '41min', '|', 'Western', '|', '23', 'December', '1966', '(Italy)'];A bounty hunting scam joins two men in an uneasy alliance against a third in a race to find a fortune in gold buried in a remote cemetery.
217;Rocky;1976;John G. Avildsen (dir.), Sylvester Stallone, Talia Shire;8;2h22min;Drama;['A', '|', '2h', '22min', '|', 'Drama', '|', '14', 'October', '1994', '(USA)'];Two imprisoned men bond over a number of years, finding solace and eventual redemption through acts of common decency.
218;Barry Lyndon;1975;Stanley Kubrick (dir.), Ryan O'Neal, Marisa Berenson;8;2h55min;Crime;['A', '|', '2h', '55min', '|', 'Crime', ',', 'Drama', '|', '24', 'March', '1972', '(USA)'];The aging patriarch of an organized crime dynasty transfers control of his clandestine empire to his reluctant son.
219;Monsters, Inc.;2001;Pete Docter (dir.), Billy Crystal, John Goodman;8;2h30min;Drama;['3h', '22min', '|', 'Crime', ',', 'Drama', '|', '20', 'December', '1974', '(USA)'];The early life and career of Vito Corleone in 1920s New York City is portrayed, while his son, Michael, expands and tightens his grip on the family crime syndicate.
220;The Grapes of Wrath;1940;John Ford (dir.), Henry Fonda, Jane Darwell;8;2h32min;Action;['UA', '|', '2h', '32min', '|', 'Action', ',', 'Crime', ',', 'Drama', '|', '18', 'July', '2008', '(India)'];When the menace known as the Joker emerges from his mysterious past, he wreaks havoc and chaos on the people of Gotham. The Dark Knight must accept one of the greatest psychological and physical tests of his ability to fight injustice.
221;The Maltese Falcon;1941;John Huston (dir.), Humphrey Bogart, Mary Astor;8;2h15min;Drama;['1h', '36min', '|', 'Crime', ',', 'Drama', '|', 'April', '1957', '(USA)'];A jury holdout attempts to prevent a miscarriage of justice by forcing his colleagues to reconsider the evidence.
222;Les diaboliques;1955;Henri-Georges Clouzot (dir.), Simone Signoret, Véra Clouzot;8;3h15min;Biography;['A', '|', '3h', '15min', '|', 'Biography', ',', 'Drama', ',', 'History', '|', '4', 'February', '1994', '(USA)'];In German-occupied Poland during World War II, Oskar Schindler gradually becomes concerned for his Jewish workforce after witnessing their persecution by the Nazi Germans.
223;Donnie Darko;2001;Richard Kelly (dir.), Jake Gyllenhaal, Jena Malone;8;3h21min;Action;['PG-13', '|', '3h', '21min', '|', 'Action', ',', 'Adventure', ',', 'Drama', '|', '6', 'February', '2004', '(India)'];Gandalf and Aragorn lead the World of Men against Sauron's army to draw his gaze from Frodo and Sam as they approach Mount Doom with the One Ring.
224;Sanjuro;1962;Akira Kurosawa (dir.), Toshirô Mifune, Tatsuya Nakadai;8;2h34min;Crime;['A', '|', '2h', '34min', '|', 'Crime', ',', 'Drama', '|', '14', 'October', '1994', '(USA)'];The lives of two mob hit-men, a boxer, a gangster's wife, and a pair of diner bandits intertwine in four tales of violence and redemption.
225;The Terminator;1984;James Cameron (dir.), Arnold Schwarzenegger, Linda Hamilton;8;3h15min;Crime;['2h', '41min', '|', 'Western', '|', '23', 'December', '1966', '(Italy)'];A bounty hunting scam joins two men in an uneasy alliance against a third in a race to find a fortune in gold buried in a remote cemetery.
226;Gandhi;1982;Richard Attenborough (dir.), Ben Kingsley, John Gielgud;8;2h22min;Drama;['A', '|', '2h', '22min', '|', 'Drama', '|', '14', 'October', '1994', '(USA)'];Two imprisoned men bond over a number of years, finding solace and eventual redemption through acts of common decency.
227;Dead Poets Society;1989;Peter Weir (dir.), Robin Williams, Robert Sean Leonard;8;2h55min;Crime;['A', '|', '2h', '55min', '|', 'Crime', ',', 'Drama', '|', '24', 'March', '1972', '(USA)'];The aging patriarch of an organized crime dynasty transfers control of his clandestine empire to his reluctant son.
228;La haine;1995;Mathieu Kassovitz (dir.), Vincent Cassel, Hubert Koundé;8;2h30min;Drama;['3h', '22min', '|', 'Crime', ',', 'Drama', '|', '20', 'December', '1974', '(USA)'];The early life and career of Vito Corleone in 1920s New York City is portrayed, while his son, Michael, expands and tightens his grip on the family crime syndicate.
229;Groundhog Day;1993;Harold Ramis (dir.), Bill Murray, Andie MacDowell;8;2h32min;Action;['UA', '|', '2h', '32min', '|', 'Action', ',', 'Crime', ',', 'Drama', '|', '18', 'July', '2008', '(India)'];When the menace known as the Joker emerges from his mysterious past, he wreaks havoc and chaos on the people of Gotham. The Dark Knight must accept one of the greatest psychological and physical tests of his ability to fight injustice.
230;Blade Runner 2049;2017;Denis Villeneuve (dir.), Harrison Ford, Ryan Gosling;8;2h15min;Drama;['1h', '36min', '|', 'Crime', ',', 'Drama', '|', 'April', '1957', '(USA)'];A jury holdout attempts to prevent a miscarriage of justice by forcing his colleagues to reconsider the evidence.
231;La La Land;2016;Damien Chazelle (dir.), Ryan Gosling, Emma Stone;8;3h15min;Biography;['A', '|', '3h', '15min', '|', 'Biography', ',', 'Drama', ',', 'History', '|', '4', 'February', '1994', '(USA)'];In German-occupied Poland during World War II, Oskar Schindler gradually becomes concerned for his Jewish workforce after witnessing their persecution by the Nazi Germans.
232;Le notti di Cabiria;1957;Federico Fellini (dir.), Giulietta Masina, François Périer;8;3h21min;Action;['PG-13', '|', '3h', '21min', '|', 'Action', ',', 'Adventure', ',', 'Drama', '|', '6', 'February', '2004', '(India)'];Gandalf and Aragorn lead the World of Men against Sauron's army to draw his gaze from Frodo and Sam as they approach Mount Doom with the One Ring.
233;The Wizard of Oz;1939;Victor Fleming (dir.), Judy Garland, Frank Morgan;8;2h34min;Crime;['A', '|', '2h', '34min', '|', 'Crime', ',', 'Drama', '|', '14', 'October', '1994', '(USA)'];The lives of two mob hit-men, a boxer, a gangster's wife, and a pair of diner bandits intertwine in four tales of violence and redemption.
234;Jaws;1975;Steven Spielberg (dir.), Roy Scheider, Robert Shaw;8;3h15min;Crime;['2h', '41min', '|', 'Western', '|', '23', 'December', '1966', '(Italy)'];A bounty hunting scam joins two men in an uneasy alliance against a third in a race to find a fortune in gold buried in a remote cemetery.
235;The Help;2011;Tate Taylor (dir.), Emma Stone, Viola Davis;8;2h22min;Drama;['A', '|', '2h', '22min', '|', 'Drama', '|', '14', 'October', '1994', '(USA)'];Two imprisoned men bond over a number of years, finding solace and eventual redemption through acts of common decency.
236;Faa yeung nin wa;2000;Kar-Wai Wong (dir.), Tony Chiu-Wai Leung, Maggie Cheung;8;2h55min;Crime;['A', '|', '2h', '55min', '|', 'Crime', ',', 'Drama', '|', '24', 'March', '1972', '(USA)'];The aging patriarch of an organized crime dynasty transfers control of his clandestine empire to his reluctant son.
237;Paper Moon;1973;Peter Bogdanovich (dir.), Ryan O'Neal, Tatum O'Neal;8;2h30min;Drama;['3h', '22min', '|', 'Crime', ',', 'Drama', '|', '20', 'December', '1974', '(USA)'];The early life and career of Vito Corleone in 1920s New York City is portrayed, while his son, Michael, expands and tightens his grip on the family crime syndicate.
238;Gangs of Wasseypur;2012;Anurag Kashyap (dir.), Manoj Bajpayee, Richa Chadha;8;2h32min;Action;['UA', '|', '2h', '32min', '|', 'Action', ',', 'Crime', ',', 'Drama', '|', '18', 'July', '2008', '(India)'];When the menace known as the Joker emerges from his mysterious past, he wreaks havoc and chaos on the people of Gotham. The Dark Knight must accept one of the greatest psychological and physical tests of his ability to fight injustice.
239;Mandariinid;2013;Zaza Urushadze (dir.), Lembit Ulfsak, Elmo Nüganen;8;2h15min;Drama;['1h', '36min', '|', 'Crime', ',', 'Drama', '|', 'April', '1957', '(USA)'];A jury holdout attempts to prevent a miscarriage of justice by forcing his colleagues to reconsider the evidence.
240;Before Sunset;2004;Richard Linklater (dir.), Ethan Hawke, Julie Delpy;8;3h15min;Biography;['A', '|', '3h', '15min', '|', 'Biography', ',', 'Drama', ',', 'History', '|', '4', 'February', '1994', '(USA)'];In German-occupied Poland during World War II, Oskar Schindler gradually becomes concerned for his Jewish workforce after witnessing their persecution by the Nazi Germans.
241;A Wednesday;2008;Neeraj Pandey (dir.), Anupam Kher, Naseeruddin Shah;8;3h21min;Action;['PG-13', '|', '3h', '21min', '|', 'Action', ',', 'Adventure', ',', 'Drama', '|', '6', 'February', '2004', '(India)'];Gandalf and Aragorn lead the World of Men against Sauron's army to draw his gaze from Frodo and Sam as they approach Mount Doom with the One Ring.
242;Paris, Texas;1984;Wim Wenders (dir.), Harry Dean Stanton, Nastassja Kinski;8;2h34min;Crime;['A', '|', '2h', '34min', '|', 'Crime', ',', 'Drama', '|', '14', 'October', '1994', '(USA)'];The lives of two mob hit-men, a boxer, a gangster's wife, and a pair of diner bandits intertwine in four tales of violence and redemption.
243;Ah-ga-ssi;2016;Chan-wook Park (dir.), Min-hee Kim, Jung-woo Ha;8;3h15min;Crime;['2h', '41min', '|', 'Western', '|', '23', 'December', '1966', '(Italy)'];A bounty hunting scam joins two men in an uneasy alliance against a third in a race to find a fortune in gold buried in a remote cemetery.
244;The Bourne Ultimatum;2007;Paul Greengrass (dir.), Matt Damon, Edgar Ramírez;8;2h22min;Drama;['A', '|', '2h', '22min', '|', 'Drama', '|', '14', 'October', '1994', '(USA)'];Two imprisoned men bond over a number of years, finding solace and eventual redemption through acts of common decency.
245;Guardians of the Galaxy;2014;James Gunn (dir.), Chris Pratt, Vin Diesel;8;2h55min;Crime;['A', '|', '2h', '55min', '|', 'Crime', ',', 'Drama', '|', '24', 'March', '1972', '(USA)'];The aging patriarch of an organized crime dynasty transfers control of his clandestine empire to his reluctant son.
246;PK;2014;Rajkumar Hirani (dir.), Aamir Khan, Anushka Sharma;8;2h30min;Drama;['3h', '22min', '|', 'Crime', ',', 'Drama', '|', '20', 'December', '1974', '(USA)'];The early life and career of Vito Corleone in 1920s New York City is portrayed, while his son, Michael, expands and tightens his grip on the family crime syndicate.
247;Pirates of the Caribbean: The Curse of the Black Pearl;2003;Gore Verbinski (dir.), Johnny Depp, Geoffrey Rush;8;2h32min;Action;['UA', '|', '2h', '32min', '|', 'Action', ',', 'Crime', ',', 'Drama', '|', '18', 'July', '2008', '(India)'];When the menace known as the Joker emerges from his mysterious past, he wreaks havoc and chaos on the people of Gotham. The Dark Knight must accept one of the greatest psychological and physical tests of his ability to fight injustice.
248;Tenkû no shiro Rapyuta;1986;Hayao Miyazaki (dir.), Anna Paquin, James Van Der Beek;8;2h15min;Drama;['1h', '36min', '|', 'Crime', ',', 'Drama', '|', 'April', '1957', '(USA)'];A jury holdout attempts to prevent a miscarriage of justice by forcing his colleagues to reconsider the evidence.
249;The Best Years of Our Lives;1946;William Wyler (dir.), Myrna Loy, Dana Andrews;8;3h15min;Biography;['A', '|', '3h', '15min', '|', 'Biography', ',', 'Drama', ',', 'History', '|', '4', 'February', '1994', '(USA)'];In German-occupied Poland during World War II, Oskar Schindler gradually becomes concerned for his Jewish workforce after witnessing their persecution by the Nazi Germans.
250;Swades: We, the People;2004;Ashutosh Gowariker (dir.), Shah Rukh Khan, Gayatri Joshi;8;3h21min;Action;['PG-13', '|', '3h', '21min', '|', 'Action', ',', 'Adventure', ',', 'Drama', '|', '6', 'February', '2004', '(India)'];Gandalf and Aragorn lead the World of Men against Sauron's army to draw his gaze from Frodo and Sam as they approach Mount Doom with the One Ring.